model,mse,mae
autoformer,0.19188286,0.307368
wformer,0.2795385,0.370594