model,mse,mae
informer,0.284998,0.374030
autoformer,0.193802,0.306151
lstm,0.394332,0.451243
wformer,0.3392968,0.42020446