model,mse,mae
informer,0.958856225,0.7670385
autoformer,0.4977580,0.47835385
PSformer,0.47178605,0.4749465
yformer,0.82579481,0.718021094