model,mse,mae
informer,0.336435,0.409530
prophet,2.097184,1.107743
autoformer,0.384328,0.466045
reformer,0.394037,0.462601
lstm,0.319112,0.409603
winformer,0.343497,0.433213