model,mse,mae
informer,0.235669,0.419669
prophet,0.907180,0.674066
autoformer,0.142934,0.292151
reformer,0.430356,0.585273
lstm,0.283552,0.424886