model,mse,mae
autoformer,0.100830681,0.24798090
informer,0.2065578,0.38269641
PSformer1,0.09609549,0.2394144
winformer,0.3175386,0.48901209
yformer,0.32656729,0.4703018